City_ID,City,Lat,Lng,Max Temp,Humidity,Cloudiness,Wind Speed,Country,Date
0,port-aux-francais,-49.35,70.2167,39.06,80.0,72.0,19.64,TF,1700671988
1,bethel,41.3712,-73.414,49.5,87.0,100.0,8.05,US,1700671483
2,thompson,55.7435,-97.8558,4.24,72.0,11.0,12.88,CA,1700671989
3,blackmans bay,-43.0167,147.3167,49.53,91.0,23.0,1.01,AU,1700671989
4,petropavlovsk-kamchatsky,53.0452,158.6483,24.46,73.0,20.0,23.0,RU,1700671989
5,'ohonua,,,,,,,,{}
6,khandyga,62.6667,135.6,-18.58,100.0,100.0,2.26,RU,1700671990
7,mopti,14.6667,-4.0,91.44,24.0,0.0,13.8,ML,1700671991
8,grytviken,-54.2811,-36.5092,34.34,100.0,100.0,5.55,GS,1700671991
9,west island,-12.1568,96.8225,78.78,83.0,75.0,13.8,CC,1700671992
10,puerto natales,-51.7236,-72.4875,52.25,40.0,75.0,17.27,CL,1700671992
11,edinburgh of the seven seas,-37.0676,-12.3116,57.09,80.0,63.0,21.14,SH,1700671992
12,alofi,-19.0595,-169.9187,71.49,83.0,84.0,5.75,NU,1700671993
13,adamstown,-25.066,-130.1015,69.1,65.0,0.0,7.43,PN,1700671993
14,atafu village,-8.5421,-172.5159,83.79,75.0,100.0,8.34,TK,1700671993
15,taiohae,,,,,,,,{}
16,invercargill,-46.4,168.35,54.01,96.0,99.0,13.0,NZ,1700671994
17,puerto francisco de orellana,-0.4667,-76.9667,89.65,74.0,75.0,3.44,EC,1700671994
18,mandideep,23.0817,77.5333,67.08,47.0,0.0,3.94,IN,1700671994
19,berdigestyakh,62.0989,126.6992,-17.01,95.0,100.0,8.52,RU,1700671995
20,vorgashor,67.5833,63.95,6.96,86.0,100.0,10.22,RU,1700671995
21,georgetown,5.4112,100.3354,80.53,84.0,20.0,5.75,MY,1700671814
22,iqaluit,63.7506,-68.5145,29.93,74.0,100.0,26.46,CA,1700671996
23,waitangi,-43.9535,-176.5597,48.81,68.0,100.0,10.13,NZ,1700671996
24,salekhard,66.53,66.6019,-1.44,97.0,100.0,16.4,RU,1700671996
25,colonia,50.9333,6.95,44.82,66.0,0.0,4.61,DE,1700671804
26,margaret river,-33.95,115.0667,70.02,45.0,3.0,16.6,AU,1700671997
27,nemuro,43.3236,145.575,49.5,90.0,33.0,8.93,JP,1700671997
28,hithadhoo,-0.6,73.0833,82.06,79.0,67.0,6.93,MV,1700671998
29,albany,42.6001,-73.9662,40.17,95.0,100.0,1.01,US,1700671871
30,taungoo,18.9333,96.4333,71.2,90.0,6.0,3.09,MM,1700671998
31,hawaiian paradise park,19.5933,-154.9731,72.03,98.0,100.0,0.0,US,1700671999
32,misratah,32.3754,15.0925,73.8,35.0,61.0,13.29,LY,1700671999
33,kismayo,-0.3582,42.5454,82.27,79.0,68.0,13.11,SO,1700671999
34,isafjordur,66.0755,-23.124,32.04,93.0,100.0,4.61,IS,1700672000
35,port alfred,-33.5906,26.891,72.18,85.0,1.0,5.53,ZA,1700672000
36,bay roberts,47.5999,-53.2648,34.34,69.0,98.0,7.0,CA,1700672000
37,port elizabeth,-33.918,25.5701,77.29,44.0,0.0,3.44,ZA,1700672001
38,bozhou,33.8772,115.7703,54.27,44.0,62.0,5.08,CN,1700672001
39,macas,-2.3167,-78.1167,83.95,61.0,20.0,3.44,EC,1700672001
40,el colomo,19.05,-104.25,80.24,76.0,98.0,3.94,MX,1700672002
41,tiksi,71.6872,128.8694,-24.41,99.0,64.0,5.97,RU,1700672002
42,ribeira grande,38.5167,-28.7,67.77,88.0,40.0,20.71,PT,1700672002
43,urangan,-25.3,152.9,72.46,80.0,94.0,11.32,AU,1700672003
44,puerto ayora,-0.7393,-90.3518,84.16,88.0,52.0,8.01,EC,1700672003
45,yellowknife,62.456,-114.3525,-8.59,94.0,20.0,3.44,CA,1700672003
46,susuman,62.7833,148.1667,-6.45,98.0,100.0,5.66,RU,1700672004
47,borkum,53.5809,6.6915,44.55,87.0,100.0,27.98,DE,1700672004
48,hami,42.8,93.45,34.2,31.0,9.0,4.85,CN,1700672004
49,ishim,56.1128,69.4902,26.04,81.0,100.0,18.99,RU,1700672005
50,kapa'a,22.0752,-159.319,79.12,86.0,100.0,17.27,US,1700672005
51,st. john's,47.5649,-52.7093,33.98,78.0,75.0,17.27,CA,1700671721
52,egilsstadir,65.2653,-14.3948,35.51,55.0,40.0,14.97,IS,1700672005
53,pucon,-39.2822,-71.9543,56.79,50.0,24.0,4.09,CL,1700671811
54,minas de marcona,-15.2119,-75.1103,69.64,55.0,80.0,14.61,PE,1700672006
55,lautoka,-17.6167,177.4667,73.26,83.0,40.0,4.61,FJ,1700672006
56,acarau,-2.8856,-40.12,89.26,53.0,0.0,21.05,BR,1700672007
57,warrnambool,-38.3833,142.4833,54.48,83.0,80.0,12.03,AU,1700671757
58,faya-largeau,17.9257,19.1043,76.19,18.0,90.0,4.09,TD,1700672007
59,fale old settlement,-9.3852,-171.2468,83.43,76.0,100.0,9.84,TK,1700672007
60,sitka,57.0531,-135.33,44.49,70.0,100.0,12.66,US,1700671809
61,katsuren-haebaru,26.3369,127.8719,69.82,77.0,0.0,6.91,JP,1700672008
62,iskateley,67.6803,53.1512,7.88,91.0,100.0,9.82,RU,1700672008
63,egersund,58.4513,5.9997,48.09,86.0,100.0,19.01,NO,1700671907
64,urengoy,65.9667,78.3667,-6.36,99.0,69.0,9.28,RU,1700672009
65,prado,-17.3411,-39.2208,82.49,63.0,5.0,14.32,BR,1700671882
66,tommot,58.9564,126.2925,-7.04,94.0,100.0,10.27,RU,1700672009
67,flying fish cove,-10.4217,105.6791,79.34,79.0,99.0,17.56,CX,1700672010
68,papatowai,-46.5619,169.4708,53.85,97.0,96.0,3.74,NZ,1700672010
69,ilulissat,69.2167,-51.1,23.02,63.0,75.0,14.97,GL,1700672010
70,lihue,21.9789,-159.3672,78.39,82.0,100.0,17.27,US,1700671716
71,uturoa,-16.7333,-151.4333,79.52,82.0,39.0,16.93,PF,1700672011
72,waingapu,-9.6567,120.2641,80.33,76.0,72.0,5.5,ID,1700672011
73,badger,64.8,-147.5333,-1.95,83.0,0.0,0.0,US,1700672012
74,avarua,-21.2078,-159.775,68.05,83.0,99.0,1.14,CK,1700672012
75,new norfolk,-42.7826,147.0587,50.72,95.0,6.0,2.89,AU,1700672013
76,saipan,15.1355,145.701,81.3,78.0,40.0,10.36,MP,1700672013
77,ingeniero guillermo n. juarez,-23.9,-61.85,92.25,42.0,100.0,4.81,AR,1700672013
78,burutu,5.3509,5.5076,80.62,80.0,97.0,9.91,NG,1700672013
79,parry sound,45.3501,-80.033,37.31,93.0,99.0,8.39,CA,1700672014
80,yuzhno-kurilsk,44.0306,145.8556,49.37,65.0,97.0,9.75,RU,1700672014
81,san antonio de pale,-1.4014,5.6325,76.08,91.0,100.0,10.0,GQ,1700672014
82,dryden,49.7833,-92.7503,25.09,74.0,75.0,4.61,CA,1700672015
83,ahvaz,31.3203,48.6693,62.55,59.0,0.0,4.61,IR,1700672015
84,mikun',62.3547,50.0771,12.99,93.0,100.0,8.03,RU,1700672015
85,asau village,,,,,,,,{}
86,anna regina,7.2644,-58.5077,84.97,66.0,19.0,9.37,GY,1700672016
87,aasiaat,68.7098,-52.8699,14.72,83.0,98.0,12.1,GL,1700672016
88,porbandar,21.6422,69.6093,79.2,57.0,22.0,11.9,IN,1700672016
89,grootfontein,-19.5667,18.1167,94.57,21.0,40.0,8.05,NA,1700672017
90,strezhevoy,60.7333,77.5889,16.97,87.0,100.0,11.99,RU,1700671775
91,holualoa,19.6228,-155.9522,71.87,82.0,0.0,4.61,US,1700671914
92,charters towers,-20.1,146.2667,72.3,85.0,99.0,6.69,AU,1700672017
93,udachny,66.4167,112.4,-10.55,76.0,99.0,3.85,RU,1700672018
94,anloga,5.7947,0.8973,83.16,76.0,98.0,17.18,GH,1700672018
95,mirandopolis,-21.1336,-51.1017,93.02,39.0,45.0,7.23,BR,1700672019
96,hasaki,35.7333,140.8333,54.0,80.0,2.0,14.32,JP,1700672019
97,kanker,20.2719,81.4931,67.75,66.0,18.0,3.8,IN,1700672019
98,mar del plata,-38.0023,-57.5575,78.84,35.0,0.0,12.66,AR,1700672019
99,ciudad lazaro cardenas,17.9583,-102.2,84.13,64.0,95.0,3.69,MX,1700671853
100,taro,-8.3862,115.28,75.2,95.0,100.0,1.1,ID,1700672020
101,gandajika,-6.75,23.95,70.92,94.0,97.0,2.95,CD,1700672020
102,pekanbaru,0.5333,101.45,75.52,94.0,40.0,4.61,ID,1700672020
103,yazd,31.8972,54.3675,53.71,22.0,0.0,4.61,IR,1700672021
104,burghausen,48.1667,12.8333,39.0,99.0,99.0,3.6,DE,1700672021
105,port douglas,-16.4833,145.4667,76.82,87.0,78.0,7.74,AU,1700672021
106,saint-pierre,-21.3393,55.4781,76.68,78.0,43.0,19.57,RE,1700672022
107,saint-francois,46.4154,3.9054,39.65,81.0,0.0,8.05,FR,1700672022
108,fortuna,40.5982,-124.1573,43.14,100.0,0.0,13.8,US,1700672022
109,cidreira,-30.1811,-50.2056,70.52,96.0,100.0,5.41,BR,1700672023
110,vanimo,-2.6741,141.3028,78.13,91.0,96.0,4.47,PG,1700672023
111,alva,56.1528,-3.8051,54.34,91.0,100.0,3.0,GB,1700672023
112,kanniyakumari,8.0833,77.5667,78.82,89.0,100.0,9.78,IN,1700672023
113,longyearbyen,78.2186,15.6401,35.44,64.0,40.0,37.98,SJ,1700672024
114,ushuaia,-54.8,-68.3,44.26,71.0,40.0,27.63,AR,1700671882
115,shahr-e babak,30.1165,55.1186,52.34,37.0,2.0,3.71,IR,1700672024
116,san andres,12.5847,-81.7006,87.82,74.0,40.0,12.66,CO,1700672024
117,obo,5.3998,26.4869,77.43,74.0,99.0,2.55,CF,1700672025
118,murghob,38.1702,73.9667,23.45,33.0,0.0,5.41,TJ,1700672025
119,nola,40.922,14.5329,62.51,84.0,100.0,6.91,IT,1700672025
120,shache,38.4167,77.2406,40.46,28.0,0.0,1.74,CN,1700672026
121,punta cana,18.5818,-68.4043,85.77,66.0,20.0,11.5,DO,1700672026
122,tobruk,32.0836,23.9764,69.06,44.0,61.0,10.18,LY,1700672026
123,kaa-khem,51.6833,94.7333,-8.52,90.0,41.0,3.62,RU,1700672026
124,vadso,70.0744,29.7487,19.56,73.0,75.0,26.46,NO,1700672027
125,tvoroyri,61.5556,-6.8111,44.55,79.0,99.0,38.41,FO,1700672027
126,whitehorse,60.7161,-135.0538,21.97,92.0,20.0,19.57,CA,1700672027
127,bushland beach,,,,,,,,{}
128,bani walid,31.7566,13.9942,66.31,31.0,52.0,12.53,LY,1700672028
129,dolores,-36.3132,-57.6792,77.86,25.0,0.0,9.4,AR,1700672028
130,east london,-33.0153,27.9116,74.34,83.0,0.0,8.05,ZA,1700672028
131,nizhnesortymskiy,62.4397,71.7603,15.67,85.0,100.0,22.68,RU,1700672029
132,richards bay,-28.783,32.0377,74.8,86.0,7.0,3.4,ZA,1700672029
133,mahina,-17.5065,-149.489,80.37,83.0,40.0,2.3,PF,1700672029
134,novyy urgal,51.0736,132.5642,5.74,80.0,100.0,4.99,RU,1700672030
135,nambucca heads,-30.65,153.0,69.17,92.0,97.0,4.63,AU,1700672030
136,taoudenni,22.6783,-3.9836,82.17,12.0,100.0,4.7,ML,1700672030
137,lebu,-37.6167,-73.65,56.98,61.0,19.0,15.41,CL,1700672030
138,itarsi,22.6167,77.75,68.36,53.0,0.0,2.64,IN,1700672031
139,zhezqazghan,47.7833,67.7667,41.95,67.0,100.0,18.41,KZ,1700672031
140,ketchikan,55.3422,-131.6461,44.58,93.0,75.0,4.61,US,1700671799
141,stanley,54.868,-1.6985,53.53,86.0,75.0,19.57,GB,1700672032
142,fisterra,42.9049,-9.2629,59.02,70.0,22.0,20.11,ES,1700672032
143,al jawf,29.5,38.75,65.73,42.0,100.0,18.57,SA,1700672032
144,malango,-2.9627,119.9001,68.09,92.0,28.0,2.3,ID,1700672032
145,luderitz,-26.6481,15.1594,68.0,59.0,9.0,16.91,NA,1700672033
146,kosciusko,33.0576,-89.5876,53.22,51.0,30.0,8.34,US,1700672033
147,padang,-0.9492,100.3543,77.05,79.0,100.0,2.08,ID,1700672109
148,shimoda,34.6667,138.95,60.1,76.0,70.0,4.38,JP,1700672109
149,zhangye,38.9342,100.4517,26.85,54.0,17.0,3.49,CN,1700672109
150,talnakh,69.4865,88.3972,-13.83,99.0,100.0,7.78,RU,1700672110
151,jamestown,42.097,-79.2353,45.99,99.0,100.0,12.66,US,1700671882
152,nuku'alofa,-21.1333,-175.2,70.14,100.0,20.0,1.14,TO,1700672110
153,wenchang,30.904,118.4887,60.49,72.0,81.0,3.31,CN,1700672111
154,hermanus,-34.4187,19.2345,67.96,67.0,5.0,16.84,ZA,1700672111
155,yeed,4.55,43.0333,84.25,54.0,51.0,12.5,SO,1700672111
156,gueltat zemmour,,,,,,,,{}
157,languyan,5.2618,120.0807,79.97,88.0,100.0,5.55,PH,1700672112
158,port mathurin,-19.6833,63.4167,77.43,76.0,87.0,18.03,MU,1700672112
159,bodo,67.28,14.405,32.77,99.0,100.0,14.97,NO,1700672113
160,pindwara,24.8,73.0667,67.19,31.0,2.0,3.02,IN,1700672114
161,okha,53.5739,142.9478,16.02,81.0,98.0,17.9,RU,1700672114
162,iwanai,42.9744,140.5089,50.59,93.0,91.0,4.34,JP,1700672115
163,santa ana,33.7456,-117.8678,75.9,27.0,0.0,3.44,US,1700671990
164,kandhkot,28.244,69.1824,74.3,24.0,0.0,6.31,PK,1700672116
165,tura,25.5198,90.2201,62.62,65.0,0.0,3.62,IN,1700672116
166,olonkinbyen,70.9221,-8.7187,18.99,65.0,100.0,48.07,SJ,1700672117
167,toga village,,,,,,,,{}
168,monrovia,6.3005,-10.7969,89.37,74.0,55.0,11.23,LR,1700671707
169,merizo village,13.2658,144.6691,82.96,88.0,48.0,14.52,GU,1700672117
170,ocean pointe,,,,,,,,{}
171,guangming,45.3333,122.7833,14.61,92.0,100.0,18.99,CN,1700672118
172,vilyuchinsk,52.9306,158.4028,25.93,77.0,23.0,18.39,RU,1700672118
173,thames,-37.1333,175.5333,60.3,94.0,100.0,2.68,NZ,1700672119
174,harper,4.375,-7.7169,82.18,77.0,71.0,10.07,LR,1700672119
175,sao joao da barra,-21.6403,-41.0511,91.49,72.0,34.0,21.25,BR,1700672119
176,saldanha,-33.0117,17.9442,71.65,78.0,0.0,9.35,ZA,1700672120
177,rikaze,29.25,88.8833,28.42,21.0,56.0,3.91,CN,1700672120
178,bonthe,7.5264,-12.505,84.65,69.0,9.0,10.74,SL,1700672120
179,severo-yeniseyskiy,60.3725,93.0408,-7.24,100.0,97.0,3.0,RU,1700672121
180,tolanaro,-25.0319,46.9987,78.87,73.0,20.0,24.16,MG,1700672121
181,carnarvon,-24.8667,113.6333,72.32,85.0,54.0,10.92,AU,1700672122
182,cooper's town,26.8667,-77.5167,77.4,69.0,80.0,14.52,BS,1700672122
183,kita,13.0349,-9.4895,95.49,8.0,82.0,4.32,ML,1700672123
184,laojunmiao,39.8333,97.7333,23.97,33.0,25.0,6.69,CN,1700672123
185,tanjung selor,,,,,,,,{}
186,ust-nera,64.5667,143.2,-21.01,97.0,100.0,3.78,RU,1700672124
187,sebastian,35.1668,-94.2669,43.97,39.0,0.0,4.9,US,1700672124
188,sparti,37.0733,22.4297,64.94,94.0,100.0,3.91,GR,1700672125
189,kinwat,19.6333,78.2,71.58,58.0,2.0,3.22,IN,1700672125
190,beloyarskiy,63.7119,66.6722,15.01,94.0,100.0,8.99,RU,1700672125
191,messini,37.0511,22.0078,67.17,88.0,40.0,8.05,GR,1700672126
192,wakkanai,45.4094,141.6739,43.09,83.0,100.0,1.01,JP,1700672126
193,college,64.8569,-147.8028,-1.88,81.0,20.0,0.0,US,1700672126
194,saint-joseph,-21.3667,55.6167,75.58,81.0,59.0,11.59,RE,1700672127
195,nova olinda do norte,-3.8881,-59.0942,96.06,43.0,97.0,3.91,BR,1700672127
196,happy valley-goose bay,53.3168,-60.3315,21.51,79.0,75.0,10.36,CA,1700672127
197,suva,-18.1416,178.4415,69.28,94.0,20.0,2.3,FJ,1700672128
198,serhiyivka,46.0272,30.3768,45.32,85.0,100.0,15.82,UA,1700672128
199,novohrad-volynskyi,50.5941,27.6165,20.08,85.0,14.0,5.73,UA,1700672128
200,puerto san carlos,,,,,,,,{}
201,pacocha,-17.5833,-71.3333,69.94,68.0,75.0,11.5,PE,1700672129
202,noumea,-22.2763,166.4572,66.18,71.0,62.0,8.48,NC,1700672129
203,saint-philippe,-21.3585,55.7679,76.59,84.0,80.0,10.49,RE,1700672129
204,margate,51.3813,1.3862,47.89,80.0,100.0,5.99,GB,1700672129
205,portland,45.5234,-122.6762,50.29,94.0,100.0,4.61,US,1700671925
206,bubaque,11.2833,-15.8333,84.99,46.0,59.0,7.72,GW,1700672130
207,boyolangu,-8.1181,111.8935,78.06,90.0,100.0,2.3,ID,1700672131
208,apolinario saravia,-24.4328,-63.9954,83.01,60.0,92.0,18.43,AR,1700672131
209,sampaloc,14.5402,121.3602,76.55,89.0,59.0,4.79,PH,1700672131
210,alotau,,,,,,,,{}
211,afaahiti,-17.75,-149.2833,78.67,87.0,74.0,20.18,PF,1700672132
212,cedeira,43.6797,-8.0209,56.97,78.0,86.0,23.42,ES,1700672132
213,vernon,50.2581,-119.2691,40.3,89.0,99.0,3.0,CA,1700671985
214,utrik,11.2278,169.8474,81.72,74.0,76.0,17.83,MH,1700672133
215,fort st. john,56.2499,-120.8529,15.69,92.0,100.0,2.3,CA,1700672133
216,nova sintra,14.8667,-24.7167,75.97,69.0,100.0,15.7,CV,1700672133
217,hamilton,39.1834,-84.5333,47.98,75.0,100.0,10.36,US,1700671934
218,bilibino,68.0546,166.4372,-1.91,95.0,100.0,7.92,RU,1700672134
219,saratamata,,,,,,,,{}
220,vikulovo,56.8167,70.6107,25.21,88.0,100.0,17.67,RU,1700672135
221,rongelap,11.1635,166.8941,81.61,70.0,38.0,17.81,MH,1700672135
222,champerico,14.3,-91.9167,88.34,65.0,13.0,3.74,GT,1700672135
223,ulladulla,-35.35,150.4667,61.77,93.0,99.0,8.75,AU,1700672135
224,anadyr,64.75,177.4833,34.3,100.0,100.0,13.42,RU,1700672136
225,zaozersk,69.4005,32.4476,4.84,94.0,31.0,8.63,RU,1700672136
226,sola,-13.8833,167.55,79.03,70.0,100.0,16.91,VU,1700672136
227,rabak,13.1809,32.74,88.57,26.0,97.0,7.67,SD,1700672137
228,rabo de peixe,37.8,-25.5833,63.91,99.0,20.0,18.41,PT,1700672137
229,tamandare,-8.7597,-35.1047,83.62,59.0,16.0,12.03,BR,1700672137
230,san borja,-14.8167,-66.85,98.96,30.0,48.0,11.61,BO,1700672138
231,reuleuet,5.2167,96.2833,78.78,82.0,99.0,2.3,ID,1700672138
232,san patricio,28.017,-97.5169,58.87,30.0,100.0,10.69,US,1700672138
233,hilo,19.7297,-155.09,75.27,99.0,100.0,3.0,US,1700672139
234,zunyi,27.6867,106.9072,54.32,88.0,40.0,0.47,CN,1700672139
235,fes al bali,34.0701,-4.9547,64.53,48.0,40.0,8.05,MA,1700672139
236,guozhen,34.3659,107.359,45.45,37.0,14.0,4.41,CN,1700672139
237,ardabil,38.2498,48.2933,40.55,45.0,0.0,16.11,IR,1700672140
238,nyagan,62.1406,65.3936,16.5,90.0,100.0,11.21,RU,1700672140
239,dumangas,10.825,122.713,78.31,90.0,98.0,9.04,PH,1700672140
240,chicxulub puerto,,,,,,,,{}
241,puerto baquerizo moreno,-0.9,-89.6,79.79,89.0,40.0,8.05,EC,1700671946
242,coquimbo,-29.9533,-71.3436,64.13,72.0,20.0,13.8,CL,1700672141
243,lompoc,34.6391,-120.4579,68.77,52.0,0.0,10.36,US,1700672102
244,fulton,33.7668,-84.4499,54.63,83.0,100.0,19.57,US,1700672142
245,cargados carajos,,,,,,,,{}
246,severoural'sk,60.1533,59.952,18.99,94.0,100.0,8.77,RU,1700672142
247,matadi,-5.8167,13.45,84.24,72.0,100.0,3.15,CD,1700672121
248,lishui,28.4604,119.9103,54.9,82.0,1.0,0.96,CN,1700672143
249,uxbridge,42.0773,-71.6295,57.15,95.0,100.0,4.0,US,1700672143
250,kampar,4.3,101.15,80.28,93.0,100.0,1.63,MY,1700672143
251,umluj,25.0213,37.2685,79.99,54.0,92.0,2.37,SA,1700672143
252,carutapera,-1.195,-46.02,88.74,57.0,35.0,12.44,BR,1700672144
253,bardai,11.65,7.2333,80.01,21.0,100.0,3.56,NG,1700672144
254,melipilla,-33.7,-71.2167,80.42,27.0,78.0,9.46,CL,1700672144
255,muisne,0.6,-80.0333,80.19,79.0,99.0,7.74,EC,1700672145
256,kununurra,-15.7667,128.7333,80.58,89.0,94.0,0.0,AU,1700672145
257,ancud,-41.8697,-73.8203,53.62,70.0,95.0,9.89,CL,1700672145
258,bredasdorp,-34.5322,20.0403,73.2,51.0,0.0,15.01,ZA,1700672146
259,ulsteinvik,62.3432,5.8487,46.76,83.0,99.0,18.01,NO,1700672146
260,yaren,-0.5472,166.916,83.01,74.0,100.0,4.97,NR,1700672146
261,klyuchi,52.2667,79.1667,26.46,50.0,100.0,11.41,RU,1700672146
262,fort bragg,35.139,-79.006,62.82,94.0,100.0,6.91,US,1700672147
263,labrador city,52.9463,-66.9114,22.91,80.0,100.0,18.41,CA,1700672147
264,aral,40.5156,81.2636,40.44,24.0,0.0,5.32,CN,1700672147
265,mili,6.0815,171.735,82.96,76.0,3.0,14.63,MH,1700672147
266,placido de castro,-10.3353,-67.1856,95.18,38.0,87.0,4.76,BR,1700672005
267,sovetskaya gavan',48.9723,140.2878,30.11,92.0,100.0,9.57,RU,1700672148
268,joacaba,-27.1781,-51.5047,78.93,91.0,41.0,7.4,BR,1700672148
269,laguna,38.421,-121.4238,64.09,100.0,0.0,0.0,US,1700672149
270,rmi capitol,7.0893,171.3805,84.15,79.0,100.0,10.36,MH,1700672149
271,guerrero negro,27.9769,-114.0611,71.44,36.0,0.0,3.67,MX,1700672149
272,codo,-4.4553,-43.8856,94.59,38.0,56.0,4.21,BR,1700672149
273,rouached,36.4577,6.0427,49.1,76.0,88.0,11.01,DZ,1700672150
274,makariv,50.4641,29.8113,21.52,78.0,63.0,6.17,UA,1700672150
275,leninsk,48.7119,45.1994,27.32,68.0,5.0,12.5,RU,1700672150
276,kenai,60.5544,-151.2583,25.14,90.0,20.0,6.91,US,1700672151
277,conception bay south,47.4999,-52.9981,34.45,76.0,100.0,14.79,CA,1700672151
278,muzayri',,,,,,,,{}
279,al bawiti,28.3492,28.8659,65.98,40.0,81.0,1.99,EG,1700672152
280,bikenibeu village,1.3673,173.1241,82.36,83.0,20.0,5.75,KI,1700672152
281,wailua homesteads,22.0669,-159.378,77.79,87.0,100.0,17.27,US,1700672152
282,crucecita,-28.95,-58.9833,75.16,77.0,98.0,9.53,AR,1700672153
283,pavlovsk,50.4578,40.1081,11.93,96.0,22.0,4.9,RU,1700672153
284,alfredo v. bonfil,21.0833,-86.85,82.08,78.0,29.0,5.99,MX,1700672153
285,hihifo,,,,,,,,{}
286,santo angelo,-28.2992,-54.2631,80.37,79.0,98.0,5.68,BR,1700672154
287,gadzhiyevo,69.2551,33.3362,7.81,95.0,34.0,13.58,RU,1700672154
288,kourou,5.1552,-52.6478,91.45,62.0,25.0,10.87,GF,1700672154
289,padangsidempuan,1.3667,99.2667,72.32,99.0,100.0,0.94,ID,1700672155
290,vydrino,51.485,104.8461,6.69,90.0,97.0,5.19,RU,1700672155
291,yarrawonga,-36.0167,146.0,58.5,76.0,65.0,7.92,AU,1700672155
292,outapi,,,,,,,,{}
293,cape coast,5.1053,-1.2466,82.06,79.0,72.0,15.43,GH,1700672156
294,balabac,7.9868,117.0645,81.54,84.0,91.0,10.96,PH,1700672156
295,marotta,43.764,13.1477,57.97,72.0,100.0,5.99,IT,1700672156
296,mendoza,-32.8908,-68.8272,80.13,17.0,0.0,9.22,AR,1700672156
297,tangalle,6.024,80.7911,75.09,94.0,100.0,9.24,LK,1700672157
298,sumenep,-7.0167,113.8667,83.73,77.0,82.0,12.26,ID,1700672157
299,atar,20.5169,-13.0499,88.36,9.0,100.0,15.03,MR,1700672157
300,birao,10.2849,22.7882,83.93,27.0,99.0,3.51,CF,1700672158
301,katsuura,35.1333,140.3,66.04,82.0,31.0,11.56,JP,1700672158
302,andergrove,-21.0833,149.1833,75.65,82.0,83.0,9.62,AU,1700672158
303,evanston,42.0411,-87.6901,44.11,74.0,100.0,6.91,US,1700672037
304,piacabucu,-10.4056,-36.4344,85.41,57.0,13.0,14.52,BR,1700672159
305,iacu,-12.7672,-40.2117,96.91,25.0,68.0,8.05,BR,1700672159
306,dauphin,51.1494,-100.0502,23.14,74.0,75.0,16.11,CA,1700672159
307,sonsorol village,,,,,,,,{}
308,tralee,52.2704,-9.7026,52.05,93.0,100.0,13.8,IE,1700672160
309,kamloops,50.6665,-120.3192,40.57,86.0,75.0,3.44,CA,1700671968
310,haiku-pauwela,20.9219,-156.3051,73.04,97.0,20.0,9.22,US,1700672160
311,menongue,-14.6585,17.691,80.28,37.0,62.0,5.57,AO,1700672161
312,road town,18.4167,-64.6167,84.29,74.0,75.0,6.91,VG,1700672161
313,balsas,-7.5325,-46.0356,89.78,44.0,68.0,7.16,BR,1700671877
314,chibougamau,49.9168,-74.3659,26.22,93.0,100.0,8.05,CA,1700672161
315,bulgan,48.8125,103.5347,-2.78,87.0,4.0,2.64,MN,1700672162
316,san ramon,37.7799,-121.978,59.9,58.0,0.0,0.0,US,1700671803
317,hue,16.4667,107.6,73.51,94.0,75.0,2.3,VN,1700672162
318,nikolayevsk-on-amure,53.1406,140.73,6.37,88.0,56.0,6.06,RU,1700672163
319,formosa do rio preto,-11.0483,-45.1931,92.17,36.0,87.0,3.06,BR,1700672163
320,hayma',,,,,,,,{}
321,acapulco de juarez,16.8634,-99.8901,83.75,69.0,1.0,4.54,MX,1700672151
322,i-n-salah,27.1935,2.4607,73.08,22.0,1.0,8.97,DZ,1700672164
323,viru,-8.4167,-78.75,78.42,59.0,27.0,11.41,PE,1700672164
324,burwell,53.293,0.0346,51.84,83.0,100.0,15.88,GB,1700672165
325,bandar-e lengeh,26.5579,54.8807,78.91,53.0,0.0,9.22,IR,1700672165
326,polyarnyy,69.1989,33.4478,9.37,92.0,14.0,14.29,RU,1700672165
327,raja,8.4596,25.678,83.59,29.0,91.0,3.85,SS,1700672165
328,sibul,15.169,121.0616,73.96,90.0,28.0,2.8,PH,1700672166
329,praia da vitoria,38.7333,-27.0667,67.75,88.0,75.0,21.5,PT,1700672166
330,thabazimbi,-24.5917,27.4116,83.21,27.0,74.0,3.13,ZA,1700672061
331,albu kamal,34.45,40.9186,58.32,29.0,100.0,8.61,SY,1700672167
332,alto barinas,8.5931,-70.2261,91.96,50.0,55.0,6.31,VE,1700672167
333,ghat,24.9647,10.1728,70.97,14.0,0.0,2.21,LY,1700672167
334,bardaskan,,,,,,,,{}
335,cestos city,5.46,-9.5828,82.98,73.0,69.0,9.48,LR,1700672168
336,midvagur,62.0511,-7.1939,45.43,70.0,75.0,34.52,FO,1700672168
337,tannum sands,-23.9504,151.3693,73.29,83.0,75.0,5.75,AU,1700672169
338,verkhnevilyuysk,63.4453,120.3167,-21.32,99.0,98.0,4.14,RU,1700672169
339,enewetak,11.3474,162.3373,81.05,78.0,56.0,13.94,MH,1700672169
340,kondoros,46.7667,20.8,35.98,69.0,26.0,14.54,HU,1700672170
341,shalqar,47.8333,59.6,30.79,93.0,100.0,25.28,KZ,1700672170
342,tsiombe,-25.3,45.4833,78.21,69.0,0.0,7.45,MG,1700672170
343,namibe,-15.1961,12.1522,76.24,69.0,100.0,16.2,AO,1700672066
344,babura,12.7731,9.0158,81.7,14.0,89.0,5.35,NG,1700672171
345,hammerfest,70.6634,23.6821,27.05,74.0,75.0,26.46,NO,1700672171
346,springbok,-29.6643,17.8865,70.59,30.0,4.0,8.72,ZA,1700672171
347,castillos,-34.1667,-53.8333,67.23,49.0,100.0,9.71,UY,1700672172
348,luau,-10.7073,22.2247,73.02,70.0,12.0,4.0,AO,1700672172
349,bressanone,46.715,11.656,53.37,85.0,36.0,4.43,IT,1700672172
350,yucca valley,34.1142,-116.4322,65.19,31.0,54.0,1.16,US,1700671786
351,kerikeri,-35.2268,173.9474,59.92,92.0,69.0,4.59,NZ,1700672173
352,ulaangom,49.9811,92.0667,0.03,86.0,77.0,5.19,MN,1700672173
353,luorong,24.4058,109.6086,64.0,84.0,2.0,1.68,CN,1700672173
354,tual,-5.6667,132.75,82.98,80.0,79.0,11.56,ID,1700672174
355,luganville,-15.5333,167.1667,77.14,81.0,71.0,9.57,VU,1700672174
356,homer,59.6425,-151.5483,28.29,80.0,75.0,6.91,US,1700672175
357,manduel,43.8186,4.4725,56.57,54.0,0.0,19.57,FR,1700672175
358,lincoln city,44.9582,-124.0179,52.7,94.0,100.0,3.0,US,1700672042
359,vila franca do campo,37.7167,-25.4333,64.81,99.0,100.0,14.88,PT,1700672176
360,pontenure,44.9992,9.7886,55.15,81.0,0.0,3.44,IT,1700672176
361,quelimane,-17.8786,36.8883,85.95,66.0,20.0,16.11,MZ,1700672177
362,ouadda,8.0777,22.4007,76.23,54.0,92.0,3.06,CF,1700672177
363,remire-montjoly,4.9167,-52.2667,91.44,58.0,40.0,13.8,GF,1700672177
364,tessaoua,13.7574,7.9874,79.09,18.0,100.0,4.05,NE,1700672178
365,kirakira,-10.4544,161.9205,76.3,81.0,60.0,7.31,SB,1700672178
366,pokhara,28.2333,83.9833,58.73,64.0,44.0,4.5,NP,1700672179
367,lorengau,-2.0226,147.2712,80.73,81.0,21.0,4.59,PG,1700672179
368,ponta delgada,37.7333,-25.6667,65.12,82.0,20.0,18.41,PT,1700672179
369,la ronge,55.1001,-105.2842,7.05,66.0,40.0,9.22,CA,1700672180
370,saudarkrokur,65.7461,-19.6394,32.9,85.0,36.0,20.74,IS,1700672180
371,karur,10.95,78.0833,74.73,95.0,100.0,7.56,IN,1700672180
372,cuatro cienegas de carranza,26.9833,-102.0833,55.02,38.0,7.0,3.89,MX,1700672181
373,george town,5.4112,100.3354,80.53,84.0,20.0,5.75,MY,1700672158
374,iranshahr,27.2025,60.6848,73.74,46.0,0.0,0.0,IR,1700672181
375,nema,57.5067,50.5011,16.95,94.0,100.0,14.83,RU,1700672182
376,qaqortoq,60.7167,-46.0333,11.5,67.0,0.0,6.98,GL,1700672182
377,sao vicente,-23.9631,-46.3919,96.98,74.0,40.0,8.05,BR,1700672182
378,cabo san lucas,22.8909,-109.9124,83.52,45.0,0.0,4.0,MX,1700672163
379,punta arenas,-53.15,-70.9167,50.11,46.0,40.0,32.21,CL,1700671927
380,uacu cungo,-11.3634,15.1208,70.27,78.0,79.0,1.21,AO,1700672183
381,ishigaki,24.3448,124.1572,69.93,73.0,78.0,5.75,JP,1700672183
382,taghazout,30.5426,-9.7112,72.37,38.0,6.0,19.71,MA,1700672184
383,idri,27.5,13.2667,67.51,20.0,8.0,8.59,LY,1700672184
384,vila velha,-20.3297,-40.2925,87.75,64.0,0.0,19.57,BR,1700672184
385,nar'yan-mar,67.6713,53.087,7.47,91.0,100.0,9.64,RU,1700672184
386,selma,36.5708,-119.6121,62.64,87.0,0.0,4.61,US,1700672185
387,jabor,5.921,169.6434,82.54,76.0,12.0,14.67,MH,1700672185
388,callao,-12.0667,-77.15,77.29,57.0,0.0,12.66,PE,1700671918
389,shirgaon,19.7,72.7,77.11,64.0,0.0,8.12,IN,1700672186
390,evergreen,39.6333,-105.3172,57.69,26.0,49.0,5.01,US,1700672186
391,chegdomyn,51.1167,133.0167,5.2,82.0,100.0,3.91,RU,1700672186
392,middelburg,-25.7751,29.4648,82.87,30.0,80.0,4.07,ZA,1700672187
393,newman,37.3138,-121.0208,54.14,77.0,94.0,3.22,US,1700672187
394,port blair,11.6667,92.75,75.24,94.0,20.0,2.3,IN,1700672187
395,mbanza-ngungu,-5.25,14.8667,72.41,89.0,98.0,0.54,CD,1700672187
396,palmer,42.1584,-72.3287,46.31,86.0,100.0,14.97,US,1700672103
397,williams lake,52.1415,-122.1445,33.37,99.0,75.0,4.61,CA,1700672188
398,rawson,-43.3002,-65.1023,68.38,24.0,28.0,19.24,AR,1700672188
399,raduzhny,62.0961,77.475,15.55,81.0,100.0,13.44,RU,1700672189
400,astoria,46.1879,-123.8313,47.55,96.0,40.0,0.0,US,1700672047
401,kapsowar,,,,,,,,{}
402,chernyshevskiy,63.0128,112.4714,-29.49,100.0,85.0,2.75,RU,1700672189
403,zabaykal'sk,49.6333,117.3167,7.61,94.0,100.0,13.09,RU,1700672190
404,puerto aysen,-45.4,-72.7,45.1,100.0,100.0,4.45,CL,1700672190
405,wakema,16.6,95.1833,75.43,88.0,24.0,4.88,MM,1700672191
406,arraial do cabo,-22.9661,-42.0278,91.36,62.0,0.0,18.41,BR,1700672191
407,kingston,17.997,-76.7936,87.24,68.0,20.0,4.61,JM,1700671650
408,magadan,59.5667,150.8,1.26,73.0,99.0,9.35,RU,1700672191
409,nguigmi,14.2495,13.1092,78.28,28.0,47.0,5.48,NE,1700672192
410,qui nhon,13.7667,109.2333,75.34,87.0,69.0,8.28,VN,1700672192
411,primero de mayo,-32.2552,-58.4228,76.82,86.0,100.0,10.11,AR,1700672192
412,soure,-0.7167,-48.5233,86.18,63.0,47.0,14.41,BR,1700672193
413,beledweyne,4.7358,45.2036,84.4,52.0,69.0,9.13,SO,1700672193
414,jianshui,23.6363,102.8264,56.73,90.0,28.0,2.04,CN,1700672193
415,buala,-8.145,159.5921,79.09,82.0,100.0,4.05,SB,1700672193
416,chardara,41.2547,67.9692,53.8,52.0,100.0,14.97,KZ,1700672194
417,vila do maio,15.1333,-23.2167,90.39,70.0,100.0,14.03,CV,1700672194
418,dadonghai,,,,,,,,{}
419,fort mcmurray,56.7268,-111.381,6.39,85.0,75.0,6.91,CA,1700671901
420,macapa,0.0389,-51.0664,91.38,58.0,20.0,14.97,BR,1700672136
421,bandarbeyla,9.4942,50.8122,80.94,79.0,91.0,16.93,SO,1700672195
422,aleksandrovsk-sakhalinskiy,50.8975,142.1561,15.57,81.0,99.0,7.45,RU,1700672195
423,keflavik,64.0049,-22.5624,37.31,80.0,75.0,37.98,IS,1700672196
424,funafuti,-8.5243,179.1942,84.2,84.0,20.0,6.91,TV,1700672196
425,macheng,31.1783,115.0319,57.36,70.0,50.0,3.6,CN,1700672196
426,glace bay,46.1969,-59.957,36.32,68.0,100.0,1.99,CA,1700672197
427,campo gallo,-26.5833,-62.85,83.71,60.0,100.0,12.75,AR,1700672197
428,betio village,1.358,172.9211,82.44,72.0,33.0,3.78,KI,1700672197
429,alice springs,-23.7,133.8833,63.95,82.0,96.0,5.75,AU,1700672198
430,sandnessjoen,66.0217,12.6316,37.51,93.0,75.0,12.66,NO,1700672198
431,prince rupert,54.3161,-130.3201,44.29,95.0,100.0,5.75,CA,1700672198
432,kiruna,67.8557,20.2251,22.12,86.0,100.0,13.8,SE,1700672199
433,valderice,38.0401,12.6151,59.99,88.0,40.0,2.3,IT,1700672199
434,east porterville,36.0574,-118.9757,70.63,76.0,0.0,0.0,US,1700672199
435,kuusamo,65.9667,29.1833,5.04,85.0,100.0,10.36,FI,1700672200
436,ngereklmadel,7.4883,134.4856,80.69,89.0,75.0,6.91,PW,1700672200
437,altai,46.3722,96.2583,0.73,50.0,67.0,2.17,MN,1700672200
438,christchurch,-43.5333,172.6333,57.9,93.0,100.0,5.99,NZ,1700672122
439,mukalla,14.5425,49.1242,79.56,77.0,15.0,5.06,YE,1700672201
440,dulce grande,23.0,-102.1667,43.43,77.0,100.0,18.28,MX,1700672201
441,mount pearl,47.5166,-52.7813,33.85,78.0,75.0,17.27,CA,1700672202
442,aginskoye,51.1,114.53,0.81,77.0,8.0,15.66,RU,1700672202
443,broome,42.2506,-75.833,46.89,96.0,100.0,5.75,US,1700672202
444,klaksvik,62.2266,-6.589,45.52,77.0,98.0,38.5,FO,1700672203
445,constantia,44.1833,28.65,45.7,85.0,100.0,19.69,RO,1700672203
446,kisangani,0.5167,25.2,72.82,96.0,100.0,1.66,CD,1700672203
447,buka,40.8108,69.1986,50.63,88.0,100.0,9.66,UZ,1700672203
448,gaspe,48.8334,-64.4819,37.31,69.0,100.0,10.36,CA,1700672204
449,jaguey grande,22.5269,-81.1286,88.16,46.0,1.0,6.33,CU,1700672204
450,paita,-5.0892,-81.1144,75.47,71.0,62.0,13.71,PE,1700672204
451,kristiansund,63.1115,7.732,45.25,65.0,75.0,33.38,NO,1700672205
452,tome acu,-2.4189,-48.1522,90.84,48.0,82.0,4.0,BR,1700672004
453,saint-denis,48.9167,2.3333,47.14,70.0,0.0,5.75,FR,1700672205
454,kapuskasing,49.4169,-82.4331,24.89,86.0,75.0,8.05,CA,1700672205
455,chonchi,-42.6128,-73.8092,56.41,56.0,79.0,2.98,CL,1700672206
456,mooloolaba,-26.6833,153.1167,73.06,84.0,75.0,1.01,AU,1700672206
457,qamdo,31.1667,97.2333,20.93,23.0,45.0,3.65,CN,1700672206
458,aitape,-3.1374,142.3475,78.31,90.0,98.0,4.41,PG,1700672207
459,nkurenkuru,,,,,,,,{}
460,ampanihy,-24.7,44.75,84.45,36.0,0.0,9.48,MG,1700672207
461,dudinka,69.4058,86.1778,-14.08,98.0,100.0,10.78,RU,1700672207
462,kangding,30.0513,101.9603,42.03,75.0,100.0,4.61,CN,1700672208
463,turan,16.0678,108.2208,73.38,94.0,75.0,3.44,VN,1700672208
464,mandalgovi,45.7625,106.2708,-2.16,72.0,0.0,11.5,MN,1700672208
465,siwa oasis,29.2041,25.5195,67.32,37.0,66.0,7.87,EG,1700672208
466,bahir dar,11.5936,37.3908,67.17,76.0,39.0,3.0,ET,1700672209
467,queenstown,-31.8976,26.8753,79.38,14.0,0.0,7.56,ZA,1700672209
468,askiz,53.1319,90.5264,7.86,84.0,100.0,3.91,RU,1700672209
469,tutoia,-2.7619,-42.2744,86.61,62.0,4.0,16.67,BR,1700672210
470,kavieng,-2.5744,150.7967,80.62,81.0,87.0,2.98,PG,1700672210
471,revda,56.801,59.9303,21.61,95.0,100.0,8.46,RU,1700672210
472,fuding,27.3273,120.214,58.32,93.0,33.0,2.44,CN,1700672210
473,baruun-urt,46.6806,113.2792,-8.3,83.0,88.0,9.33,MN,1700672211
474,kodiak,57.79,-152.4072,40.51,93.0,100.0,24.16,US,1700672211
475,banda aceh,5.5577,95.3222,78.96,84.0,100.0,3.29,ID,1700672042
476,ruidoso,33.3317,-105.673,52.05,29.0,0.0,0.0,US,1700672212
477,inongo,-1.95,18.2667,74.03,92.0,89.0,3.65,CD,1700672212
478,kargasok,59.0556,80.8572,14.97,84.0,100.0,8.99,RU,1700672212
479,dazuocun,24.8862,118.9643,66.33,85.0,42.0,9.35,CN,1700672213
480,taitung city,22.7583,121.1444,71.98,79.0,94.0,6.15,TW,1700672213
481,bethanie,-26.4833,17.15,93.04,13.0,20.0,15.08,NA,1700672213
482,san antonio del estrecho,,,,,,,,{}
483,howrah,22.5892,88.3103,71.6,73.0,0.0,0.0,IN,1700672214
484,toliara,-23.35,43.6667,79.02,79.0,0.0,4.25,MG,1700672214
485,taman',45.2117,36.7161,50.43,95.0,100.0,11.59,RU,1700672214
486,tevriz,57.509,72.4042,20.91,91.0,100.0,14.18,RU,1700672214
487,kitui,-1.367,38.0106,66.06,95.0,95.0,3.96,KE,1700672215
488,nuuk,64.1835,-51.7216,18.0,80.0,46.0,10.63,GL,1700672215
489,show low,34.2542,-110.0298,39.49,70.0,0.0,0.0,US,1700672134
490,sur,22.5667,59.5289,79.2,69.0,0.0,7.38,OM,1700672216
491,niafunke,15.9322,-3.9906,91.15,11.0,78.0,6.82,ML,1700672216
492,inirida,3.8653,-67.9239,95.54,46.0,53.0,1.59,CO,1700672216
493,tazovsky,67.4667,78.7,-14.35,100.0,95.0,9.08,RU,1700672216
494,musay'id,,,,,,,,{}
495,sale,34.0389,-6.8166,65.08,55.0,0.0,8.05,MA,1700671990
496,tyrnava,64.7647,25.6523,22.98,92.0,100.0,15.64,FI,1700672217
497,sinabang,2.4803,96.3801,77.76,82.0,99.0,2.86,ID,1700672217
498,port lincoln,-34.7333,135.8667,56.88,82.0,18.0,16.78,AU,1700672218
499,hadibu,12.65,54.0333,80.15,73.0,7.0,11.16,YE,1700672218
